id,user_id,event_id,table_number
10,YnqzTBwMcFPZIZgxilPeVVSZQWN2,4,
11,0NKTzLhdlKQaLpetaYS5KqKNt2e2,4,
12,dZtoVqSYFlVOGaC5uO26wKTEIHn2,4,
13,a0qF436mgXPGArB23AD56eCA4CM2,4,
14,iu8ZmGxetoXH3daGRt2J9dxVAAj2,4,
15,lSPkGPAZGQPhja5DXYclYhpocqx2,4,
16,hJWKWozrt6ZZS4q6PCW68vHvPHx2,4,
17,N2QikIhXWyaoVSkD22KSatymXry1,4,
18,GD1gM3nQi0QKEukab2PNEQO2gvF2,4,
19,0IEcaKRjwJbV4BnhKRIEOET1ADZ2,4,
21,HWZjxzL9fZUgefNdc4VXfrR0Ysk1,4,
22,CJCvbZ4JJIYq3NhoTcpstQ3lf8N2,4,
23,4dgAayjJ3nXEBJFBqI6Xz9q5da92,4,
24,nm1rCrCUyHdnN48i2f2JcWplRyX2,4,
26,PgiOt5izT1SLQSuOVAT0zWH0nmS2,4,
27,BaxfCZTZEOQC85PLbE5CvGkMCS82,4,
28,94nqkaTOKacs0OoJ9XfabdKySBx1,4,
29,xcJkqDNpKwcjiHIN12i0FptqeMp2,4,
30,mdNniVvvxPcH4o5iDkRo6Bjz7yC2,4,
31,aj9ADtjSjzQyBiMZkPURPdAHL6D3,4,
32,CKtfsy6l2qSI1Z4M44anqEtlniC2,4,
41,vUijPbxUTXO06GGYUnwjdhLDd6y2,5,8
48,jFlPPr40FxNrwetm4LNWpUOaITu2,5,
49,nWGxKT1BbDVXeWjQAWLWWq2v8vl2,5,
58,EZn2THNa79THdeRED79FR26prB02,5,1
54,FfVDOrYr1JNBUuxffeJP7PcU7bK2,5,1
53,YOgQR8MorVMhj8JyTnyesCTsX2p1,5,2
55,ONJRJY1OXPasRuIxK6OOfPq1Wpq1,5,3
46,4v7dDqwFGaSegNX88AplnQU5l422,5,4
45,HxvlgMsyxKfBvUEZ9mXSJuqeEJk2,5,5
59,ykdGhZsMI4N03O5WqkpI5OtPbRz1,5,6
44,oMT1oid0sfUPh9QRJAsfasDfMUB2,5,2
57,U4B8nsMULJN9acuTnVyhDWmOBOR2,5,3
50,YlBLJdO7ugZgaOAE75TnJ8du3Ky1,5,7
61,49Oh7AtwZPfQB8VpPH0UVXvqAET2,5,4
62,zCar7clWYjPfxQozMZRsIeqgHCE3,5,5
52,JfQ7X20S2mMJymKIsEtCQDdnERi1,5,6
51,vMoBJijyjkZwUJGzjqtZydhWxDl2,5,7
47,5p4G4TD0ZqbGXBvrBWsV6hDzsD02,5,8
43,1ykO3vaeSKbeu3BdsKMm0NtmFgr1,5,9
60,B0a6x5Us2JQ5vt8DfPrvPuboGBt2,5,10
67,YlBLJdO7ugZgaOAE75TnJ8du3Ky1,7,1
63,U5Nw32MZaWb21uMMHVuNF5SvJhx1,7,1
68,6iTUMDHtyqYAIKpW8PyQL3gY6PK2,7,2
72,eNxBX3gOQHabCGYtNMLwsdltwAv1,7,3
66,NJ6NSJzR4fO8exsHCdWfk6Tl0wr2,7,4
70,ShqXTlUnDGfaoE9I2ZrjltGSU5p1,7,2
77,sBPpmQecdWZ1MU9vxK7YJAoznti1,7,5
78,1d7mKcVFine3wmYNsc7TPwlsUBY2,7,3
75,1v5CySI4hCN9cgmHUJLYa3jEQry1,7,6
69,VsyocP02wMRUjbp9VMFkn7GW2GG3,7,7
71,VURvllrc4QYAaYIGrZ3uEFLrmmo1,7,4
79,cyoMXYq7hjY6zh10YQbB9DrTpCG3,7,5
65,Kt99aDqHNUUxLm5dtt8W4kGcYvw2,7,6
64,YJeQjFJyUpXw94dIt3cOI1MGPWM2,7,7
81,zCar7clWYjPfxQozMZRsIeqgHCE3,7,8
76,eEsYDhcn2YgMdJUE8dXGFd46GXu1,7,8
74,fVEbbwhcRPYigycoogqjnNIDNQy2,7,9
73,IBOK7zN8ZWTBHvD9bK9FosROEMC2,7,10
80,WC0Hp79cq7W5ELRa4LetOwnGDWc2,7,9
85,YKWl99M1O5c0yq8aPA9t0aqs7zJ3,9,
88,YJeQjFJyUpXw94dIt3cOI1MGPWM2,8,4
83,G51RGat6WbOYxeiLHvTLtIdiJG62,9,3
82,vzc8FM1nz8ftg1RvbiELk7HjNrD3,9,1
87,W0Qhr15OwWXmb259CGgk3O725mM2,9,3
100,U5Nw32MZaWb21uMMHVuNF5SvJhx1,8,1
99,DckvI4BLz8MUkNTOiG7ceJNx2W73,8,2
93,MMVcWH76zQc3FfECUKbPuSa2rsG3,8,3
98,Q9msSTVap4ZzEtwdAcNWfWCBz5f2,8,1
86,1CAwkpl31MYYvntQerw1MH15m3f2,8,2
101,38bFcizPjFP1ZGrXp7DCcbOVxQW2,8,3
97,46F7NjNuCIhKhb1NByJkdyuUIKA2,8,4
94,ykdGhZsMI4N03O5WqkpI5OtPbRz1,8,5
95,GEF1ME5013V58DUnnkYYG2UGQV02,8,5
92,eEsYDhcn2YgMdJUE8dXGFd46GXu1,8,6
108,cqQ9cjlCpxd5fGSnpCDIhGXerIe2,11,
118,mPypmki8riOJEyc9R3c7VsC9lHt1,11,
117,UPcL4O1Z6bbpS8u8ARNKUTjLJUb2,9,1
115,ptISoIvdEIcArZaPUDbQH4VXKUx1,9,2
103,YlBLJdO7ugZgaOAE75TnJ8du3Ky1,9,4
109,8ArRQoxVDTeQYxy1QGy78Tnnii32,9,2
122,TY16uG9IThXfQKeq4v3Lk8TGiHl2,9,5
106,e54i0R0IVHPmM2iDwDtuDjOPdMr1,9,4
107,JOdspCCqeDeCxoCdAIfo78dl1Ep2,9,6
120,mm91WiiPj6YIaUokadUayOsCn8C2,9,7
125,XGJ89eUPW6Vem95uMZm5Lq2Z6Ol2,9,5
110,HwV8BqSMR7NPZ7hQ5iXAFW3GFeh1,9,6
112,zcCSDsyAq7YKCPIrcjTgOQ4eXSc2,9,7
114,vV7XrwkFsWaGBwvcgmanrXUhOC12,9,8
104,P9VBUzjp3JMwB4JpgNk7lwHEi6q1,9,9
124,3Wt2TyfoGEbYR9yuZaebTq0hOB72,9,10
102,1CAwkpl31MYYvntQerw1MH15m3f2,11,1
130,B6SzWsY5jmb9gMVvDqgAFTEOd9j1,11,1
113,7dX5xncZSANIu706YNllGTu55B42,11,2
137,ptISoIvdEIcArZaPUDbQH4VXKUx1,11,3
128,leYejcwUGzZ29E7G7RoNt4BPpYl1,11,2
127,0ZCilWjDNUbE2Urfzw9H2vROzLj2,11,4
134,ZiuAwqjH1oMyxAdpHVGWJdZSeMY2,11,3
119,TkjGRjxlUqQrpH5bJat3I0FnUB53,11,4
121,YlBLJdO7ugZgaOAE75TnJ8du3Ky1,11,6
123,77dFxQvHbzOdMy8wPKT40IjZVBT2,11,7
135,Mq2SACMaTheRKHuCWHgmudoV37E3,11,5
136,lWZCRlYZV5a5NU7swEyqxCOXllF3,11,6
133,KKzj3CUCS1ZDNmKc1ijRLHIAQkm2,11,7
142,Q9msSTVap4ZzEtwdAcNWfWCBz5f2,11,8
143,xwHMBdm7NKSiKyPGErk5umUJRnG2,11,8
140,TuQAVwTyCMYi8D2NQPWjzPHYraB2,11,9
116,BPdq6i1cMVgUO1u9XZ0abzDsCva2,11,9
141,v91zS3yORPS7ylmrOIGxw7ezwon1,11,10
139,3SN04oTQbwb3PhQTmxxHGiXzQkq1,11,11
144,6Nnv3zsuuNdFSkBw5TtwHAr8BSD3,11,10
154,MHwnaL00yORFazCdFzR9N27Sszh2,15,
163,VpeK9I81qsUDPpy9RG90qPt3hzb2,14,
165,vyd42ccBR7eJnSzKUSKyBOAZSM13,13,
166,5Au3neZ4AxNWM4yV9fditBYzGjD2,15,2
168,YlBLJdO7ugZgaOAE75TnJ8du3Ky1,15,3
172,46mgcFu9j3MPYT2IUwrrGDjhZxT2,15,2
153,IcguT0ehGHc5y7a9u5NPWLpEP102,15,4
167,08mYp3WwfcdL4RtL1CdKL3FBPH83,15,3
146,CT62cbOlkZbgHMdHn7yM2J2tf872,15,4
169,rsPufu0FaDTxXnLkluIzIHBUmGo2,15,5
164,oHhXmA4hFYQaJ72WlM7HotOR4Ta2,15,6
126,oLUQcE3TSRPF3XbYUbpiew6mIeV2,15,8
158,cn5w7vJivCOIEHkKGkeU6mfnDij2,13,1
157,fqpQMPFJpHMImeTThlmjuYx2ex03,13,2
129,MiF73khFWUfTyR2vzQ3GHlUIoB53,13,3
105,gF6SqGy27GZD8oD7roufzWYRCJm1,13,4
132,VURvllrc4QYAaYIGrZ3uEFLrmmo1,14,1
152,2B2rcFVbDfXsUFsJ54jGw2AZsun2,14,2
131,ShqXTlUnDGfaoE9I2ZrjltGSU5p1,14,3
150,1CAwkpl31MYYvntQerw1MH15m3f2,14,6
171,NfZHjNQJbiZbfvWbN2NIaRlOM3H3,14,7
149,PFAbuLcxeHbTt3dsRr8bBFWpCYJ2,14,8
161,coq3KJjaboeYYLqxNWj17WMUmtV2,14,6
159,UL6hVtJ7XhaZCYcfJgVHr34DqMt1,14,13
155,oKfjU0NR3FQaTokU8Go5ZjFRqKG3,15,1
170,cZCZsiTbLoapPpj5kgU44owT1Jv2,15,1
173,fnQpgAoAmmUkiZlWHGGkBiwQNDX2,15,5
176,G3aWfKxMlRRDhRBvb4t32M1YpSh2,15,6
177,vV7XrwkFsWaGBwvcgmanrXUhOC12,15,7
174,tOCM9kWfMQbIRiLNPkqSs2XcgPH3,15,7
179,fxgENmm7JITIZoiCQE7zrsA0y613,15,8
178,2B2rcFVbDfXsUFsJ54jGw2AZsun2,15,9
145,ZpOl8fB6kMUYgADc1dpTBnb0uK73,13,1
184,141rbMPLMfgbqxOBlN5H3JRGh013,13,2
185,X6L0FuSIoQecLaYAqmssQt1RBbz1,13,5
182,cfoEQdTicYhxMfAdXlrnITCkvaM2,13,3
190,ygYeSWsZEDTJf2td9XYqe9B1JoJ3,14,
183,NZFVWg0NCBUm4cw0UhC0WErfBXK2,13,6
156,tGKKOivSS3dmOmVl7a65QbXYqNO2,13,7
191,6eKSXc3ru0P6MUxN8FFN0mRzCld2,13,4
192,bDbeB06z07ghWlpzj39Q1MAn8Vu2,13,5
186,WzNlYkObyCMacim04R4Jyy37t233,13,6
199,p9rh2qYLUThkiduxpQUd9UmeJTg1,14,
193,WHdqZqWqfHPRcsAyFv76Bfb0eHp2,14,1
181,JBHxxpVmLDeraFSTaGCagbju9Dy1,14,4
175,YlBLJdO7ugZgaOAE75TnJ8du3Ky1,14,5
195,Dniqf4qYJ5Plrw9gjcDMB1jTZYc2,14,2
194,itk9QhYMOWQJOdKpJcmrzcAXvmP2,14,3
198,WC0Hp79cq7W5ELRa4LetOwnGDWc2,14,4
200,szUycxmwICMki3sqilhjWcBd0rv1,14,9
187,Qp6q47D79BUkSgMcAsAM2TRoYuh2,14,5
201,ald4v9Rmhqg4d0Redwq5KgQuRfE2,14,10
197,mS4CSOd5SDdOHKN1ufGJ4cY2u7B2,14,11
180,49Oh7AtwZPfQB8VpPH0UVXvqAET2,14,7
188,Aa4qzSLw0vOvIuwSYEjZcnzu5rF3,14,8
189,d6uSBd4ZVpRmT4K97EBxiRSNHh83,14,12
196,j6xxOIRfj3ZE92NwgvVjsRZ3T7o2,14,9
219,pCyvQyFzIudUXgmkwZ5RAOZZzYB3,18,
211,IEznP69p2LfRZZNdyCG0Kb5X40D3,18,1
202,ald4v9Rmhqg4d0Redwq5KgQuRfE2,18,2
208,d6uSBd4ZVpRmT4K97EBxiRSNHh83,18,3
213,MHwnaL00yORFazCdFzR9N27Sszh2,18,1
217,qqVAASFC3gWQTG1f17VitG6SZRa2,18,4
221,xwHMBdm7NKSiKyPGErk5umUJRnG2,18,2
218,B6SzWsY5jmb9gMVvDqgAFTEOd9j1,18,3
222,FlqAFdqssVdUxg4HZIq33LsqdMK2,18,4
212,v4bYPy35LSbCmwa0yHjmYhNape12,18,5
210,hethgbL7T7QQr9f8OrCNqoPW6Nk2,18,6
209,B3weTyY8S7gobqUwJ2GiVEkRvy72,18,5
214,irILnYcFiVccg7LNkTYXnsCvYu63,18,6
224,KzcWRNnvwSPGt8Se5O2ZyJKNlTX2,18,7
203,YJeQjFJyUpXw94dIt3cOI1MGPWM2,18,8
223,db1zr4naNGSCvA31IaATvRx75WU2,18,7
220,K8cIzKuAU1btqLzwSBYsxPxAERi1,18,8
230,3rYXEyXS2INNnhdIr5tmQ2hSbg73,20,
237,9AT3b7PeRmQgt31Hk8C7wF3jj8S2,19,
244,5TpURIUvdaO7KuGSBkiHVViye2F2,20,
245,TkjGRjxlUqQrpH5bJat3I0FnUB53,19,
233,ShqXTlUnDGfaoE9I2ZrjltGSU5p1,19,4
232,VURvllrc4QYAaYIGrZ3uEFLrmmo1,19,5
231,fVEbbwhcRPYigycoogqjnNIDNQy2,19,6
247,ibcHvTHK1hUMgaAKxvrW15b0YMp2,19,1
234,PFAbuLcxeHbTt3dsRr8bBFWpCYJ2,19,7
241,cGGhn5TcovaKXP1xDFiU583DIsz1,19,4
246,08mYp3WwfcdL4RtL1CdKL3FBPH83,19,5
228,TIeVHCel1SXEvRhz7YBq44NDbcL2,19,6
243,X3arDh0tonRpkuJFpMULdZ9XIEn1,19,7
250,3wijrqrX3wMVbLXWJ47fFDJTOac2,19,9
239,pCyvQyFzIudUXgmkwZ5RAOZZzYB3,19,10
249,pkW1MWwMPWagqxIKA8ZeIijcG4I3,20,2
240,7uR4G8Mkz6e6gFZYfiIJiIfedbs1,20,2
236,Ylzx2NpHq9YNmlJHrHohETSTFdZ2,20,5
227,y177OaIch4cbMAB2ySoxnNE70Dm2,20,7
226,ciH13ep9QRViTXVAScLRDDZMnM03,20,6
242,TLoCzGW4D1gmThgNWthBDd26Uii1,20,7
238,dRzrJPQhqLWoT0HRJ7pzunKEXfK2,19,1
251,ald4v9Rmhqg4d0Redwq5KgQuRfE2,19,2
225,KzcWRNnvwSPGt8Se5O2ZyJKNlTX2,19,3
229,8cqh7ExWIDQy4mYbTXdnnzSHu0Q2,19,2
252,zRkVnDxEa4Z567d4bDhlb7kQuzd2,19,
253,ADuhwlbBoWdUoXfEPnz9Yr3i6iC2,19,3
254,tUzSGZOMTAhhG5dv7s82pYdXr803,19,8
255,tg7ij2106aUxKFjscvuHD3lT9Bz2,19,9
248,9E7KOvVatof9gbN58Zu6CQd49X43,19,8
262,ehNVMqB1HtasgerYHk5HSmjyBx92,20,1
263,pufUwu4Ha9dyBomf1RqRqFP8PpF2,20,3
259,CJTUw879EoWZ2vUVNkwEd76bYxm1,20,1
264,UhX4bfCizsN0hVNmzFrhUdKMrUg1,20,3
256,aodeY7o0jcYZTCm3TwLHxQYK49t1,20,4
261,SAKch4qeNyXCaGUS0ijKMFdzRwD3,20,4
266,lB0k96IXMbgNAVrxynCgmC2PiKk2,20,6
260,nxNUIjtX6TTSBZUM2nIgw3gBfzN2,20,5
265,dE4faALm3Kf7SDzQ6KElDFN1wDG3,20,8
267,dndFaJnHCSW5wX86mWxecIUB6Eo2,20,8
268,p9rh2qYLUThkiduxpQUd9UmeJTg1,21,
275,B3NTEl0esOOwjeFgQ5odqOLf8Ui2,22,
285,HwGoD4I902ZMnM8LFOhsMaSK3lA2,22,
286,YjXyKXDd16YlM92ryTow7jtyc1A2,22,
292,wqphkOdRrsaiGmSPJU3cA6cvjoI2,22,
257,KzcWRNnvwSPGt8Se5O2ZyJKNlTX2,21,1
282,1CAwkpl31MYYvntQerw1MH15m3f2,21,2
278,r98gQKb35aTAyVP5nEnaxGNimgh2,21,1
281,cgHwGGEzATVqxDlSZ9M2HIbtij32,21,3
283,T1DfrVYM5ragZ2WccnITw4L2jKu1,21,2
258,ald4v9Rmhqg4d0Redwq5KgQuRfE2,21,4
270,YJeQjFJyUpXw94dIt3cOI1MGPWM2,21,5
277,tg7ij2106aUxKFjscvuHD3lT9Bz2,21,6
289,QYbndsscwfSxFMNYld55YXF3ZQ03,21,3
290,QUgpgRT4cofMryqLadwwNhL7pye2,21,4
272,uUUI3lcWFGhY9GQXfCi6y7QTrJ22,21,7
300,Kvm7nGWuofNcMDIt6ErADD3n2JN2,21,8
274,wO6GF8BciePRYUQ47HC02udTdrx1,21,9
291,Dxg3m9E0uXWm1z3eQGCk5TzpVzi1,21,5
284,jKONCPvgKbarBf0sHXFa6vkHpJr2,21,6
294,gn7ryC5HAkN22QpeCyboZq8vasD2,21,7
298,3pynX5JMXGPDeCnoDtM3UmDLjf13,21,8
293,IeSKCr2C9kWOV4Qe7ZKV9vn4n492,21,9
310,1Qw28Nr71dfoCrYDRZvRpptRwvy2,22,1
296,en5hARuPEmcfSWdbNdqkGQnxajl2,22,1
308,rJOLWzu6b1dcCYiFZpRaGcn1OvC3,22,2
303,LytIZiWyFjdms3jRdMRG0awsHTM2,22,3
288,jmfZeQrY88W6j6SgY4rqzeBr6BD2,22,2
302,OE9peH4NXxY5jPhFwNZlLR5FJ7V2,22,4
305,UTXhnWNonTPHqMiBtGMTxB1YYjb2,22,3
304,j9rYLGXrHiPVODumAe7kwXLNmdB3,22,4
287,E4FiZfDx6Yh4OQIqHaRZnzMbsch2,22,5
276,aJEoBOR86DepmuygAv3zfLvhlXd2,22,6
295,HhDgAHk0T0YBZHod7BV5ZnjAIYu1,22,5
306,usZWdqnTagNBDShinI59izHG7mE2,22,7
309,ptsJeDPI8GbwY1EDaM6KlNJ5inK2,22,6
280,W7C6YzkeFpR6iB692hdFVw0Rthc2,22,8
312,4pOmflUKXDMOzlyCb7mNHOlDxmB2,22,9
273,mbC1200FuSgGyXQHYpISXuQvixi2,22,10
297,0UfNaIx1jiNmhb8RSwkem7ZoRDP2,22,11
271,4aZbhG9ko7gfOtYhXzgGShEqjqj1,22,7
307,z7BLg71amNbBm752XovVJFipBi82,22,8
299,JmsayCY2mYPjdgdjbqtPXIDxhqu2,22,9
315,1CAwkpl31MYYvntQerw1MH15m3f2,25,
317,1CAwkpl31MYYvntQerw1MH15m3f2,23,3
311,Nxv5m4TteWQdzFURyp0bdPYxbPQ2,23,3
314,jt1uw1iVTqRAhzErqtpnT88FWhM2,23,5
316,YGI9gIVPzHTN2aMlst3GlNwQFu22,23,8
313,TKIu6kn6FYNdup2QWdE9MXHN6zj2,23,9
319,JzozPlyAhyYAJstAJSESFPEyMtx1,23,10
320,5nw3RW15xrNsnP7IV4RQxrwAVyV2,24,1
325,DXNXCizbIPT0FGmRtaqSSQ267wn1,29,4
323,ald4v9Rmhqg4d0Redwq5KgQuRfE2,25,2
324,Fgmcy2HTx7Of8NlEsDHWiD0fzZW2,25,6
338,KzcWRNnvwSPGt8Se5O2ZyJKNlTX2,23,1
322,oVW8mutILcOODX8C2evGGFF88Na2,23,1
331,YlBLJdO7ugZgaOAE75TnJ8du3Ky1,23,2
346,CxQpsUVUhkOLTgDrNqfQfYRUF1a2,23,2
339,rEWqJYa9f3V41HP7DDdd87uddQ03,23,4
321,wlFj2umSxMOudUw3I6fGU0jgysl1,23,4
341,n5uQKD0oE5fTQWB8lQfkeGPpipW2,23,5
333,D8JJXJXH4dcxi39T7uG4otrJS9o1,23,6
330,RlY9bo3cTKbNFqd4AtOZPDqReNm1,23,7
349,UdYya7lmoDbY6fpm2dEhN3E4TR43,23,6
326,AHPq3jQwbwcSBYd1mMhF18b0SOW2,23,7
342,Lq8EJXdzevexgZvGWqjmh2g8rSA2,23,8
336,YleORjjxSEbxtUnKo0nAAQ4lANc2,23,10
344,LhJpQQG4KYgEXscc4Fyq6m3XKIv2,23,9
340,9dh6XXy7CAVIeyWkpgy1kZu0fVv1,23,11
350,bR4NR3auuvTNBRtvTh5fmU2eMit1,24,1
347,OE9peH4NXxY5jPhFwNZlLR5FJ7V2,24,2
318,NwTGkVMsXjUOrTuVConAIzOz5ou2,24,2
353,427t9tGWuDfiBTgumXsesDogzW33,24,3
356,y7WABLtphXZAYEdTQP0a4kITDRk1,24,3
337,UzCS6mCUescTOTpX6NhcLQNkJN63,24,5
358,X44NGVEQtGWdDplURJAMAfJz53u1,24,6
352,m4TQ7GCtGHcwEJ2RrdckFE7zC032,24,7
343,6hL9jzZoJOWarVMU2JCQApEkd1C3,24,4
355,EBMn0DQ8Vkgby7tOKZwAJkcGN6C2,24,5
367,KowMuOg1g3UHzUagKTKLYRqWCaU2,24,6
366,96gEKSPFDfXrOzokPoFsSt0TQzi1,24,8
368,zxvchOJUsNcvQYqfiX4HnbDrZZf1,24,9
362,zvnyy8yi8KOq99mc2J3dQGOIuU72,24,7
351,oVW8mutILcOODX8C2evGGFF88Na2,26,6
329,kkr68hSnSuUzBBNtEdQd6D5yR7q1,24,10
345,f72r7Mq97kQNYApU8RotlXyAplb2,24,8
363,d8p6hvwlDVWaFKmaC2OzZBGRyoN2,24,9
327,LytIZiWyFjdms3jRdMRG0awsHTM2,24,4
377,MVEmIGl8vYW6yGVeHETTqqPn7lH3,29,
392,DwdbXLxXLVd2H30ajtZjQTm5qRw1,26,
369,oiGb0917oGhHx4mrGdd4BbL9t332,29,1
365,j5TcUrM52NS5mS3kZB3urdNmslV2,29,2
402,panEIybCmbdbUgS3qw3MHxkdzLN2,29,5
380,SGjEPiOfupaJ6lQPpSNprbIMXVE3,29,2
357,8sv1ZRgqqgWs9LtzE3TI9gEf1Jj2,29,3
364,uv7pJlCN4YVJXgV4LWQlCRDaEfA3,29,4
388,29fpl2NcfrhYHrDFi16hs6gVdpG3,29,5
381,IOkzFc4W2vYnn13yYoS0T0Oqiv93,29,7
334,tWDktVXR50cAViN0JZh7hb2hEK32,25,1
385,cgHwGGEzATVqxDlSZ9M2HIbtij32,25,4
361,Trhkl7RTnBZLaTuDf1KhPleCScz1,25,6
374,1vdFZhHTo7agp4JUTsxt65aeap23,25,8
405,CT62cbOlkZbgHMdHn7yM2J2tf872,25,9
386,Y6MUGCW811OGZSHo18KOa5rgGTv2,25,11
360,kibdpvISsqeC14ZpZKoRZXhhVu22,33,1
332,8HabFAObzRV3S3Y7L29dADu5TkB2,33,3
390,zD6QSao8ZJVmqxTZslPyYUIYai22,33,1
372,eAAnUPjMkjdblCpSCixeEuJSVLI2,33,4
335,h0kbqQSPVKUCbuqVA6gwH1Oo6XD3,33,7
406,YC7iz2tEsQdM7SVfpXNRBAneCu13,33,3
376,LuM7NoGT0YXeJFgRLRs1KrUyWOo1,33,8
387,fI6GSMJevGb33t5nIsLhYLPDxJj2,33,8
354,0D5e9dhRlTSO35zTqbEqcLeTaqD2,33,9
391,aGMEECO6eacMA5OtgOE7D0Xz4eD2,33,10
375,E5UctELW1XNEldUhjWeHcd2qKov1,30,1
404,Q0t5cijLPXdTZ09DW22vySMwE1T2,26,3
378,KMFcTrLMirN3HM2egYVEPH7160K3,31,6
373,TUFhcjnTXuR9qaYbTKHuGrlftvA3,31,7
393,LytIZiWyFjdms3jRdMRG0awsHTM2,32,3
407,LcNhZZ0hWXOz9kDfF6qc942aOgk2,31,
427,HmYOpKpoEYRpy63vL0lv2aCkW093,25,2
438,GoY82JZHZBdBGNB9Ouc4ajFNQXP2,25,5
379,d6UwlAo8UvSBIPirbvpUs84iKA32,30,
383,jr6uNud7xhfqo8BN77bfYMK83MD3,30,6
397,IGR6ACIPdoTWfVBbZFoJw3QCHdH2,30,
382,XtUifilPv7edrqPTQg1tIb6vfs22,30,7
408,q8IAJLyDUDY6Sb3SA9GTNo0UgPx2,30,8
449,oFbLnpP68EPfpIAL2bsMfsh6b9x1,30,9
457,HXDEWimRnkR3xmxWcLfmoq7fHij2,30,5
389,75vj8E1Pm5ZN5HfaHxopWSQWc122,30,
440,2tXULOvgfRUX0NY9k9Q78KbN2zg1,25,3
461,04MXwBOgzzU2uZPLOqDjBnHTwJI2,30,10
395,aut8WoVxHMYJg0Vv5ryCv1J60b73,30,6
417,icXqHxUP4BXGF7XyzcQYbY8sWXE2,29,1
415,xkJN0XDpMDaM1HoFnG9Ic1dDcQW2,29,3
420,I3fFIakFcwQ8scCk4CpsLhoclnG3,29,6
430,kSsB03DXQ1aplspKD8GNPe6WfOI3,29,7
423,snXG2LEuM1RHuy3I4QfHjau4nnl1,29,6
424,Zi3EeOwAJBeWnAPVDYh3BItBZE82,29,8
431,OqlG5d08ERbxhD4Kcj9rMZdF0rB3,29,8
413,Y88q5tZLSPTXS1YpdY8qg7Ym8kp2,29,9
426,oeanBuzsSRctUcoqxR4obFAnWYw1,29,9
421,cOYub7V8ngcStEvxCjXSVifJWrF3,25,1
439,kRqzi4ETFbf2XL2I8eug6X3FCyG2,25,3
429,pv1d2WtWYDh9z28ofERqzJ7mFFy1,25,4
428,wnJf8vJVx2XjG1JV5E12uWHb0c03,25,5
442,SqLidJzZ16fM0RRr2KV0qAg6SzN2,25,7
441,JysbH1WZFOYzydDVGvJ1Yl55qHt1,25,7
445,DwdbXLxXLVd2H30ajtZjQTm5qRw1,25,8
447,qqVAASFC3gWQTG1f17VitG6SZRa2,25,9
446,ykdGhZsMI4N03O5WqkpI5OtPbRz1,25,10
433,srs2JWCXCPTtDFVvm3jHkgOxLbs2,25,10
434,Hd1lqdSHeyOJS8h9RP294o7ZC222,25,11
412,V9TM3iagrHgWcigo2zdQlhReTef1,33,2
435,ZGx02YaIlyR6XGldNyPgg1U3oKi1,33,2
416,oht7drsqzwaSKdAPClzr6FkI7Kf2,33,5
453,JyHYWTPH8tR3Ztyni87rNe6FNWX2,33,6
450,K02u7GNA9SXZer4HB1GsdRUVWeD3,33,4
443,B8SdIltYg9WiYknsvIudtEAiznt2,33,5
409,KhtIWbrHXUaL7p2xynMRMPKcq472,33,6
411,EVoO0EWHMDgLTu1QZCUoupNPiBb2,33,9
410,6Rso0HFrkogWFjRuQ5QBJxZasD23,33,10
455,Hywu1TxX0UX4jHnmNvyPiOgA2Dk1,33,7
400,YJefkr7QVNUURonX3Px9Hs7YIhq1,30,2
425,mm5VOnf9ygZfv0l7hvYUeG1jrUX2,30,2
398,MagEn3kQYJYwCqNtrOh4plkUiZy2,30,3
444,As9C7T6g5HOLUzMqlY9FO3lmEb53,30,3
399,yH95c1I2UpXnUcbxgCqRBYv06HG2,30,4
396,YlJOZJzUVTf8oRoRmzWj8KMQFQh2,30,5
394,aG6f6AbdLaUeIe8Ok9b1TQjH7El2,30,4
458,L6KQUmTtxbS5tvEtfRRYi6rJ2Ll1,30,7
460,eU1vPlT8gGUhqPWhxRZWqCO7zlf1,30,8
470,tZn13SDOwHhz7FXtY2Bdhs4HjYk1,31,
464,NBVYjd4IhjSktTQLMOwZuPohNky2,26,1
472,bQPxUuGzxvVFEYKrD2V2IgPBt0p1,26,4
473,JzozPlyAhyYAJstAJSESFPEyMtx1,26,5
437,kKMZIrL4RoZBwCclI8trlKuEEgI2,26,8
436,8dUXBzyTGbRrbxdVixqMyQe9Oem2,31,4
371,DfntNwJD7Tgpgu73X9TEwns20j02,31,4
471,J31WUHhCqNMYnzyEQk5QqprVz2V2,34,3
465,ald4v9Rmhqg4d0Redwq5KgQuRfE2,27,2
456,7FQuZ1P3ndcaLMbVuOrXerifSKy1,27,3
452,Fgmcy2HTx7Of8NlEsDHWiD0fzZW2,27,4
462,YaC4mOqm1xU4XJjOqEddexcC9gS2,36,4
418,YJeQjFJyUpXw94dIt3cOI1MGPWM2,27,8
459,YC7iz2tEsQdM7SVfpXNRBAneCu13,36,12
463,E5UctELW1XNEldUhjWeHcd2qKov1,32,5
466,Tsvxesr41dQKG7FPLKRhFiCmTnH3,35,6
467,ZK1r0yVo7DU4FF5Zd1ouamcoz6o2,35,7
478,kfYKYoSLMKTUZyXAmihWjQjv6gN2,26,
419,vYnYoflPjDYuQV8rscE4Rv2mRu03,26,1
483,7FQuZ1P3ndcaLMbVuOrXerifSKy1,26,2
477,iQOtYDZUw7dkoZq2IXV1w1Y0lXy2,26,3
489,ILSySfE2U3SW6rtlOMHpzcuzEc02,26,2
488,9C4K57VbIpXTzr4q4cSFGgknmHW2,26,6
490,HwV8BqSMR7NPZ7hQ5iXAFW3GFeh1,26,4
493,FPOImzKLRAednqApFACVADIvZ9F2,26,5
492,z8pzIfbT2EN2kMgQrKYhiKWS00H2,26,7
451,3e8uZjrH0JfvcBCv6wVjxq6ZRb62,26,7
496,U1Psu7MI22M00yp0PnQYtY6WWXr2,26,8
505,jjMoSOWk13MwbpQp8g766ss2UWC2,27,
479,9yvYgbKFLqfRGU0nCd0VHFD2qrD3,31,1
503,PLn6RVk3McOpmvt8aymB82lf9qV2,31,1
500,9xHruMtenYPg1HRPimnAzKUsncl1,31,2
498,a0uo5x5DgRQfg5URf1sdKYaorvk2,31,3
484,5FyiJs0SgqTCZsYToF4XKrru2JW2,31,2
501,4u3WceTrXwYodjBf0Y6d0svv6mZ2,31,5
506,GaT9yYz62JM7HC33iTfUlUtlsly1,34,
476,qp9wySnBNzTXuPyPDIzos4GgwUk1,31,3
485,pYIzuFcQDWXk2axr8XOLBWkRQQP2,31,5
475,dvcjjWSexee8iq3TcH9POJcUDCW2,31,8
510,HyrhgWBm5jYkIgdUq047BqrjqwL2,31,9
499,oh5RSDw7Vwh8bJOCFhRYyiPsjgR2,31,6
514,nnvchvLi9fU1FzStdwHfNvMZFq73,31,7
518,AaNPepoXpCXWOA6tMnIn15YtBti1,32,
491,icXqHxUP4BXGF7XyzcQYbY8sWXE2,34,1
532,2rYR86LI1bfAzLDkNgKTreRyIbx2,34,2
534,8sv1ZRgqqgWs9LtzE3TI9gEf1Jj2,34,4
519,B3x92okVN7NhFRTeZhXpLETO5Yr2,34,1
529,iBxYGd4iJPXFl0SzcwHiLwxzGX22,34,2
531,HzvIszMd10Tj9WN4cFlfRyiHzw32,34,3
486,uAlRPLrKnuXPu6FIyZ7nNmoYkIm1,34,5
523,4MD8eXL3ajVhS8JofktPnpwvm7P2,34,4
487,eqKsezTdqcbeL3UEeG3yaQxvdot2,34,6
504,SInRRaplCmQzwKmhNJGuNFmFwRx2,34,5
481,oMx97oPA6zfUTTVrGvHOFPq1SWw1,34,7
526,tbKoiCYVG4gXcKt49pCORYtwswz2,34,6
482,BbwZIGlW6HboHFFNJHdTkTruxfA2,34,7
512,7neHEfIWbKOv23eAUhCXgrEJXBs1,34,8
520,oCYeaDGGoISgnMb8Jyk2ifk24pB2,34,9
541,s8dSi0CvbrgavgGFlup7XPbY17m1,34,10
540,R6ZpvCuqe0fFripOCJiq0Z6FP1a2,34,9
474,iXrJsf9p5aTqURCQqPNf5eiEoRJ3,34,10
528,rXLSNXN74uRPAGti3MC1CpgNyvk2,34,11
544,WTOUBxTcnNef1VQPCFXoEdgGyFz2,34,12
542,sDN33mpb1OVdXg1z6hTgxzpu3b62,36,1
538,cgHwGGEzATVqxDlSZ9M2HIbtij32,27,1
507,CgOsu3fA6KTsDCcijoe4WpQLDJJ2,27,3
516,5hDnKdMu2lThXtRHxt2pB2g1fPu2,27,4
497,z8pzIfbT2EN2kMgQrKYhiKWS00H2,27,6
545,M7m7HBaKxEXsOIFeRjd8RAiHeFq2,27,7
539,B314hBZHhUVDFpW6DxLQLHmI5W73,27,6
546,bcRfwdnM1aUvBTLsriZwe5flC013,36,2
551,Jxz27qpEnmhrQ1Tfo7JHjGmrJy32,36,1
515,ZGx02YaIlyR6XGldNyPgg1U3oKi1,36,3
543,nbux9tUld9QGNFpMKOlpsDnHMhE3,36,2
547,zBAxylyARCbplgnvTInyAAGeoQx1,36,4
548,878SRuZRTaNd1XZX4063zOUG4fH2,36,5
552,uZ0I7c39W9P1DG68sKy3cPA22FZ2,36,6
537,HldXjWbkD7U7una2h8qXXeqlHPB2,36,7
494,LiSNiazhgqbbLcmUui9auwuKw1J3,36,8
549,l2QfJYOCv1hsMAEhbpCRsrgKkAn1,32,2
509,c1ZlZ4n1lUOctxh1Vmzk5wE4VMj1,32,3
511,5RnIQeqB57a9807ZcbLds7L1Ti03,32,4
508,29ikEcMCHIYTQIJpzlhb83X7Ep62,35,1
521,Jxu4k7H4ggZvdwVzBJIZgQexMGm2,35,1
525,8sv1ZRgqqgWs9LtzE3TI9gEf1Jj2,35,2
502,gDBfeZWdJqf7V1m7RnTXQL9BHVk1,35,8
536,gliM5awrWBY4uknFNictZHZE3Vw2,35,9
524,GVHdHUcOgheAHmN7RkCh5xaSivK2,35,8
513,3PLowGJG8PbcgfxAjL7l6DDUOFt1,28,7
556,hqIiyGD5Aibs15MarSJZ55jVNc22,36,
530,SQvs8TfVyQRA1kF6Lwdcexe4Qh13,27,2
565,VnqelXTdijaiyKk1oQUBID2s4Ez2,27,5
527,ja4w1Z3XdBYliGdCeo5SpjT03hO2,27,1
569,UGQbMSfyfwdXDdciqkPKN7CEoJG2,36,5
550,FiKKKHBqv5UqHVzUFL2HtaVj6ov1,36,3
561,Gk8KOS6Sn0gYqWTJqYfQLqEuua43,36,6
555,EGB9cEG8Y1OeBF8mverEZ8Sf2Ds1,36,7
558,AxLCIg5EwxNITHSDnZvMN4PyqH82,36,8
559,Ffl2cX8YaUMVLo8Wr6Asc5q16uh1,36,9
572,9euXe62nxDYon1jaPG2UriVp2rl1,28,
533,QQzweS6DsXajgwUwf4tubdgSHPS2,36,10
573,7WZqqrtQ6ca2Wj9mxd0jutVNe842,36,9
574,iDX1FCBBkCODAgokZitDEon2KOt1,36,10
578,gYaFKmEeNtRSkJ0gFSR0L8PR63h1,36,11
560,VhoToydYelOpL1I2MfsvNYschQA2,32,1
567,ehNVMqB1HtasgerYHk5HSmjyBx92,32,1
563,5dId28L3q4SR8qp90bo74vxiAyh2,32,2
576,IKrGQkbDqOO0gUvTdGKagnFPbcv2,32,5
562,3FvOruBIxEUUispG9vlJJ4QIe1W2,32,6
580,i5elHGk3rSdyPZFIWUYH94sXdWs2,32,7
571,7s0mUdWnqSTV389ap46uoa8A7o63,32,4
564,WpnndjDJjwO9U82Mvm2klJrSrDP2,32,8
583,TfirXyi0OGOWu2kfytZo9mJIqlV2,32,
557,OpzraKZIyRZhC4FTWP1t8u202mx2,32,9
570,aoTpA3mZ7ZfxL49xtM2vVJDJSIr2,32,6
581,kkr68hSnSuUzBBNtEdQd6D5yR7q1,32,7
575,gwsXOVNC94e5sEthl8Q3qMKgtXE3,32,8
577,vTzwymFqwre9vxnyj5N5x8ACRLF2,32,10
587,pHbfTmyVTqTSG0S36IdQM3xFhuX2,28,
588,7fBHbaoQOtg9GWddvxSrY8FoKUU2,28,
553,EA2LB8VKa0XY0mkoibCHoq9sigr1,35,2
566,b8uXSkXhtXMVToRVgY6DUZmLeej2,35,3
585,yhke1eUKBQYQFFffzqemmunhpBf1,35,4
554,z2yhZ8PX2fREYgLFLBztRWdFOMg2,35,5
582,nISG69Tgd2RJqWhpGnnJPuRs85C2,35,3
590,xKLnyj4lFgWYrlDiKzFIvriYcZJ2,35,4
586,yVMhdTIMJlSnpSvnWSj431oL3jr2,35,5
591,fA4JO8k6MQWcpQspnUxDEwWQ6o52,35,6
535,XUWcOLXdtxYdg8QZhvj7Jj16rBL2,35,10
593,5rtIxjflfGMHUxcESRMSIgcIm653,35,7
594,IfZNICo1DChyc6ZpkxHCXVtadiu1,35,9
584,Z0RTfNgEWNRBWAzXKd56bNrYJ3s2,35,10
608,Fgmcy2HTx7Of8NlEsDHWiD0fzZW2,28,1
599,UT2qkEJTQ8gWJf4WAmiqqnDiru62,28,1
601,DwdbXLxXLVd2H30ajtZjQTm5qRw1,28,2
598,ksEddrY4fCemgd33lDQsw96HEKt2,28,2
589,3A7lX6F1vmSRkSil8VyOs01Nk922,28,3
602,teSF2vixYUcSpQSQ3qEZZfIGFaH3,28,4
595,7aw4D2csOtWp4ndgtZrLYxnju0g1,28,3
606,D9Q6l4seFObFpgwPnPcx0Omz6wm2,28,5
603,3e8uZjrH0JfvcBCv6wVjxq6ZRb62,28,6
605,UuGXSVfpu2VQJhX9eEgUuEiEdKb2,28,4
597,Bio2cKp9sjMZSiH62yVGd0XLf2k2,28,9
607,d2VKBPfHyBdL4rx4WKR1ubmFiA63,28,6
592,7pcWKYmYXBWBhnVKVMw8OE7y6aX2,28,7
568,XMSVD0eKMVdutKePu9YEJOl9J4u1,28,8
596,cHQoC3pAWwWCzuZbN8gHMt89jNm2,28,8
610,GI1pvuN7IIV5nZVtO6Udt4KC2LX2,28,9
623,CDwFJ1rLGHhVNgjLm6MHll47SGj1,38,
634,d6uSBd4ZVpRmT4K97EBxiRSNHh83,38,
637,I4ErJHkVfbe4jVOdCV27D2zy32J2,38,
636,ghnlkPgqsuX0SHqFZS2ASGNi46j1,38,1
638,ald4v9Rmhqg4d0Redwq5KgQuRfE2,38,1
630,741l32KW9Yc1pMEV9GAAjXm9rIs2,38,3
631,CL6toAn9HzY0h7h65ZEj6nLI1552,38,2
625,yrhgvWcB4pNV4JojxylQGtqkge62,38,4
633,GI1pvuN7IIV5nZVtO6Udt4KC2LX2,38,4
624,eIqBk1gn3xOcUkHtguhekdVv4kg1,38,5
627,z8pzIfbT2EN2kMgQrKYhiKWS00H2,38,5
628,YuVFdyDWFiW4GW9OHpGNzsvdIez1,38,7
642,3DnChJHDcNVHKZyyLLa3YXpvAwH2,38,2
643,1CAwkpl31MYYvntQerw1MH15m3f2,38,3
645,mC64NB45OhOe0SrFIBRLVrzyvkX2,38,6
641,U7gLls4I0bMbWyvdtfaKmu8pY3w2,38,7
644,eqMBkH7fRAeHIyPE98dV8eXpMsj1,38,8
640,oKfsQsAvbnNmWMAHvCNdBBO5svy2,38,6
655,0Ux4JkdOFTQ959oYYptlJdL6HJY2,38,9
639,3rRGFDIj6rTdKH5dvrolS8BTpGH2,38,8
647,kPyn9W1DoLUhcMUZA5NlQe5eKXJ3,38,9
646,AsU1eStMRzbnWXU8sLhpPwWkQds1,38,10
648,G8ggc4DiynTAET4pfdRAswJsdfa2,38,10
653,1CAwkpl31MYYvntQerw1MH15m3f2,39,1
656,oUQmP8T3EZRT0XLhghZ6VUB9zmn1,39,2
651,mUCUqKzDOCh1MdvXUvlW59tvhRi1,39,3
667,2LWWpjRxdyX5yAgwldBnzL9N0Yh2,39,1
660,NFq5prMWTpZtJpPOSyJegScRu5w1,39,2
657,JL67np7335VwiOMLwwzYUppnoHS2,39,3
650,Kvm7nGWuofNcMDIt6ErADD3n2JN2,39,4
666,t2o76SxxwOXmyOwWYO6A1bADKRo1,39,5
668,7Bgq5erSSubVgejH5fgulukHVII2,39,6
652,f3DxjK9YCQbqm3tlTRkZYoXdtF52,39,4
659,mJF0sbKVVSd2rJfnMX4ilWLmg242,39,5
672,dfrExe4bXPY1WuAfzefwnBQb4a13,39,6
671,qaCl3DngKJSEGxyxxa69RJd3Pju1,39,7
654,QJrKR9pUITenlPz4pmax0u4leQ03,39,8
664,2mpky8bB1XY6yYf9tzCJthfVEn33,39,9
663,pd9PR8OzBRUfXXWgy975AlGUVFO2,39,10
661,x2NduLVHHtWdTfmtjyyEmjLrrDq2,39,7
649,HaPfVHN2NoXj5ExYLHk5uqhoZHZ2,39,8
670,AnRZyvscl5gkd06ZyvYCVjWhI6A2,39,11
665,qjp7Oz0rukZanndeyuQzGPcLT6g1,39,9
669,CuBQ9MooQfOmLRjIQE8EbuM73rZ2,39,10
658,bLkMkqRHIIZL2c9NtVAfbxsrlZV2,39,11
