id,user_id,event_id,star_rating
34,77dFxQvHbzOdMy8wPKT40IjZVBT2,11,3
36,6Nnv3zsuuNdFSkBw5TtwHAr8BSD3,11,5
38,BPdq6i1cMVgUO1u9XZ0abzDsCva2,11,3
39,Q9msSTVap4ZzEtwdAcNWfWCBz5f2,11,5
40,lWZCRlYZV5a5NU7swEyqxCOXllF3,11,5
9,Q9msSTVap4ZzEtwdAcNWfWCBz5f2,8,4
11,eEsYDhcn2YgMdJUE8dXGFd46GXu1,8,5
12,1CAwkpl31MYYvntQerw1MH15m3f2,8,4
13,MMVcWH76zQc3FfECUKbPuSa2rsG3,8,2
15,46F7NjNuCIhKhb1NByJkdyuUIKA2,8,4
18,DckvI4BLz8MUkNTOiG7ceJNx2W73,8,3
21,YlBLJdO7ugZgaOAE75TnJ8du3Ky1,9,5
23,mm91WiiPj6YIaUokadUayOsCn8C2,9,5
25,XGJ89eUPW6Vem95uMZm5Lq2Z6Ol2,9,5
27,G51RGat6WbOYxeiLHvTLtIdiJG62,9,3
30,W0Qhr15OwWXmb259CGgk3O725mM2,9,3
32,JOdspCCqeDeCxoCdAIfo78dl1Ep2,9,4
41,1CAwkpl31MYYvntQerw1MH15m3f2,11,4
44,xwHMBdm7NKSiKyPGErk5umUJRnG2,11,5
49,v91zS3yORPS7ylmrOIGxw7ezwon1,11,1
53,GD1gM3nQi0QKEukab2PNEQO2gvF2,4,4
155,CJTUw879EoWZ2vUVNkwEd76bYxm1,20,3
62,zCar7clWYjPfxQozMZRsIeqgHCE3,5,5
57,aj9ADtjSjzQyBiMZkPURPdAHL6D3,4,4
66,eEsYDhcn2YgMdJUE8dXGFd46GXu1,7,5
75,G3aWfKxMlRRDhRBvb4t32M1YpSh2,15,5
77,2B2rcFVbDfXsUFsJ54jGw2AZsun2,15,4
78,oHhXmA4hFYQaJ72WlM7HotOR4Ta2,15,4
81,08mYp3WwfcdL4RtL1CdKL3FBPH83,15,5
84,bDbeB06z07ghWlpzj39Q1MAn8Vu2,13,5
86,gF6SqGy27GZD8oD7roufzWYRCJm1,13,5
87,ZpOl8fB6kMUYgADc1dpTBnb0uK73,13,5
92,X6L0FuSIoQecLaYAqmssQt1RBbz1,13,4
94,WC0Hp79cq7W5ELRa4LetOwnGDWc2,14,3
104,itk9QhYMOWQJOdKpJcmrzcAXvmP2,14,4
105,1CAwkpl31MYYvntQerw1MH15m3f2,14,4
106,ShqXTlUnDGfaoE9I2ZrjltGSU5p1,14,3
108,ald4v9Rmhqg4d0Redwq5KgQuRfE2,14,5
110,JBHxxpVmLDeraFSTaGCagbju9Dy1,14,1
111,szUycxmwICMki3sqilhjWcBd0rv1,14,5
115,YJeQjFJyUpXw94dIt3cOI1MGPWM2,18,5
122,B6SzWsY5jmb9gMVvDqgAFTEOd9j1,18,5
123,xwHMBdm7NKSiKyPGErk5umUJRnG2,18,5
124,FlqAFdqssVdUxg4HZIq33LsqdMK2,18,5
126,db1zr4naNGSCvA31IaATvRx75WU2,18,4
128,irILnYcFiVccg7LNkTYXnsCvYu63,18,3
129,pCyvQyFzIudUXgmkwZ5RAOZZzYB3,18,5
134,9E7KOvVatof9gbN58Zu6CQd49X43,19,4
135,ShqXTlUnDGfaoE9I2ZrjltGSU5p1,19,5
137,08mYp3WwfcdL4RtL1CdKL3FBPH83,19,5
138,X3arDh0tonRpkuJFpMULdZ9XIEn1,19,5
139,ibcHvTHK1hUMgaAKxvrW15b0YMp2,19,5
140,pCyvQyFzIudUXgmkwZ5RAOZZzYB3,19,5
141,tg7ij2106aUxKFjscvuHD3lT9Bz2,19,5
142,TIeVHCel1SXEvRhz7YBq44NDbcL2,19,4
143,3wijrqrX3wMVbLXWJ47fFDJTOac2,19,4
144,VURvllrc4QYAaYIGrZ3uEFLrmmo1,19,3
146,Ylzx2NpHq9YNmlJHrHohETSTFdZ2,20,4
147,aodeY7o0jcYZTCm3TwLHxQYK49t1,20,4
148,y177OaIch4cbMAB2ySoxnNE70Dm2,20,5
150,TLoCzGW4D1gmThgNWthBDd26Uii1,20,5
154,7uR4G8Mkz6e6gFZYfiIJiIfedbs1,20,4
158,dE4faALm3Kf7SDzQ6KElDFN1wDG3,20,5
161,wO6GF8BciePRYUQ47HC02udTdrx1,21,5
163,YJeQjFJyUpXw94dIt3cOI1MGPWM2,21,5
165,r98gQKb35aTAyVP5nEnaxGNimgh2,21,4
171,1CAwkpl31MYYvntQerw1MH15m3f2,21,3
172,T1DfrVYM5ragZ2WccnITw4L2jKu1,21,4
175,Kvm7nGWuofNcMDIt6ErADD3n2JN2,21,5
179,1Qw28Nr71dfoCrYDRZvRpptRwvy2,22,5
181,E4FiZfDx6Yh4OQIqHaRZnzMbsch2,22,5
188,B3NTEl0esOOwjeFgQ5odqOLf8Ui2,22,3
191,jmfZeQrY88W6j6SgY4rqzeBr6BD2,22,4
193,mbC1200FuSgGyXQHYpISXuQvixi2,22,1
194,JzozPlyAhyYAJstAJSESFPEyMtx1,23,5
291,YJefkr7QVNUURonX3Px9Hs7YIhq1,30,5
199,wlFj2umSxMOudUw3I6fGU0jgysl1,23,4
200,YlBLJdO7ugZgaOAE75TnJ8du3Ky1,23,5
201,CxQpsUVUhkOLTgDrNqfQfYRUF1a2,23,3
202,9dh6XXy7CAVIeyWkpgy1kZu0fVv1,23,1
204,D8JJXJXH4dcxi39T7uG4otrJS9o1,23,4
206,RlY9bo3cTKbNFqd4AtOZPDqReNm1,23,3
207,AHPq3jQwbwcSBYd1mMhF18b0SOW2,23,5
208,jt1uw1iVTqRAhzErqtpnT88FWhM2,23,3
209,YGI9gIVPzHTN2aMlst3GlNwQFu22,23,4
211,rEWqJYa9f3V41HP7DDdd87uddQ03,23,3
214,6hL9jzZoJOWarVMU2JCQApEkd1C3,24,5
216,OE9peH4NXxY5jPhFwNZlLR5FJ7V2,24,2
217,zxvchOJUsNcvQYqfiX4HnbDrZZf1,24,5
219,KowMuOg1g3UHzUagKTKLYRqWCaU2,24,5
224,d8p6hvwlDVWaFKmaC2OzZBGRyoN2,24,3
227,96gEKSPFDfXrOzokPoFsSt0TQzi1,24,5
228,NwTGkVMsXjUOrTuVConAIzOz5ou2,24,4
240,kSsB03DXQ1aplspKD8GNPe6WfOI3,29,4
241,oiGb0917oGhHx4mrGdd4BbL9t332,29,5
242,oeanBuzsSRctUcoqxR4obFAnWYw1,29,4
243,SGjEPiOfupaJ6lQPpSNprbIMXVE3,29,5
294,yH95c1I2UpXnUcbxgCqRBYv06HG2,30,3
245,OqlG5d08ERbxhD4Kcj9rMZdF0rB3,29,4
247,kRqzi4ETFbf2XL2I8eug6X3FCyG2,25,4
250,2tXULOvgfRUX0NY9k9Q78KbN2zg1,25,5
251,1vdFZhHTo7agp4JUTsxt65aeap23,25,4
254,wnJf8vJVx2XjG1JV5E12uWHb0c03,25,4
257,Trhkl7RTnBZLaTuDf1KhPleCScz1,25,3
260,Fgmcy2HTx7Of8NlEsDHWiD0fzZW2,25,5
261,DwdbXLxXLVd2H30ajtZjQTm5qRw1,25,4
262,ykdGhZsMI4N03O5WqkpI5OtPbRz1,25,4
263,srs2JWCXCPTtDFVvm3jHkgOxLbs2,25,3
264,Hd1lqdSHeyOJS8h9RP294o7ZC222,25,1
268,EVoO0EWHMDgLTu1QZCUoupNPiBb2,33,1
272,aGMEECO6eacMA5OtgOE7D0Xz4eD2,33,5
275,8HabFAObzRV3S3Y7L29dADu5TkB2,33,5
277,zD6QSao8ZJVmqxTZslPyYUIYai22,33,5
278,JyHYWTPH8tR3Ztyni87rNe6FNWX2,33,3
284,aG6f6AbdLaUeIe8Ok9b1TQjH7El2,30,5
287,XtUifilPv7edrqPTQg1tIb6vfs22,30,3
290,oFbLnpP68EPfpIAL2bsMfsh6b9x1,30,5
296,YlJOZJzUVTf8oRoRmzWj8KMQFQh2,30,5
299,z8pzIfbT2EN2kMgQrKYhiKWS00H2,26,5
301,JzozPlyAhyYAJstAJSESFPEyMtx1,26,5
303,FPOImzKLRAednqApFACVADIvZ9F2,26,3
304,ILSySfE2U3SW6rtlOMHpzcuzEc02,26,3
305,3e8uZjrH0JfvcBCv6wVjxq6ZRb62,26,5
306,iQOtYDZUw7dkoZq2IXV1w1Y0lXy2,26,4
308,HwV8BqSMR7NPZ7hQ5iXAFW3GFeh1,26,4
309,bQPxUuGzxvVFEYKrD2V2IgPBt0p1,26,5
323,TUFhcjnTXuR9qaYbTKHuGrlftvA3,31,3
372,HldXjWbkD7U7una2h8qXXeqlHPB2,36,5
328,BbwZIGlW6HboHFFNJHdTkTruxfA2,34,4
330,8sv1ZRgqqgWs9LtzE3TI9gEf1Jj2,34,5
335,rXLSNXN74uRPAGti3MC1CpgNyvk2,34,5
336,tbKoiCYVG4gXcKt49pCORYtwswz2,34,5
339,WTOUBxTcnNef1VQPCFXoEdgGyFz2,34,5
344,oMx97oPA6zfUTTVrGvHOFPq1SWw1,34,5
346,GaT9yYz62JM7HC33iTfUlUtlsly1,34,5
348,z8pzIfbT2EN2kMgQrKYhiKWS00H2,27,5
349,YJeQjFJyUpXw94dIt3cOI1MGPWM2,27,5
350,5hDnKdMu2lThXtRHxt2pB2g1fPu2,27,3
353,SQvs8TfVyQRA1kF6Lwdcexe4Qh13,27,3
358,VnqelXTdijaiyKk1oQUBID2s4Ez2,27,5
359,YaC4mOqm1xU4XJjOqEddexcC9gS2,36,4
368,FiKKKHBqv5UqHVzUFL2HtaVj6ov1,36,5
369,YC7iz2tEsQdM7SVfpXNRBAneCu13,36,5
370,nbux9tUld9QGNFpMKOlpsDnHMhE3,36,5
374,uZ0I7c39W9P1DG68sKy3cPA22FZ2,36,5
377,zBAxylyARCbplgnvTInyAAGeoQx1,36,4
378,LiSNiazhgqbbLcmUui9auwuKw1J3,36,1
381,kkr68hSnSuUzBBNtEdQd6D5yR7q1,32,5
384,l2QfJYOCv1hsMAEhbpCRsrgKkAn1,32,4
390,vTzwymFqwre9vxnyj5N5x8ACRLF2,32,4
391,gwsXOVNC94e5sEthl8Q3qMKgtXE3,32,5
392,VhoToydYelOpL1I2MfsvNYschQA2,32,3
393,WpnndjDJjwO9U82Mvm2klJrSrDP2,32,5
395,8sv1ZRgqqgWs9LtzE3TI9gEf1Jj2,35,5
397,yVMhdTIMJlSnpSvnWSj431oL3jr2,35,5
399,xKLnyj4lFgWYrlDiKzFIvriYcZJ2,35,5
401,EA2LB8VKa0XY0mkoibCHoq9sigr1,35,3
404,GVHdHUcOgheAHmN7RkCh5xaSivK2,35,5
405,z2yhZ8PX2fREYgLFLBztRWdFOMg2,35,4
409,29ikEcMCHIYTQIJpzlhb83X7Ep62,35,5
412,ZK1r0yVo7DU4FF5Zd1ouamcoz6o2,35,2
417,XMSVD0eKMVdutKePu9YEJOl9J4u1,28,4
421,3e8uZjrH0JfvcBCv6wVjxq6ZRb62,28,5
422,DwdbXLxXLVd2H30ajtZjQTm5qRw1,28,5
425,UuGXSVfpu2VQJhX9eEgUuEiEdKb2,28,4
429,z8pzIfbT2EN2kMgQrKYhiKWS00H2,38,5
431,CL6toAn9HzY0h7h65ZEj6nLI1552,38,3
432,3rRGFDIj6rTdKH5dvrolS8BTpGH2,38,5
433,ghnlkPgqsuX0SHqFZS2ASGNi46j1,38,5
434,yrhgvWcB4pNV4JojxylQGtqkge62,38,4
435,eIqBk1gn3xOcUkHtguhekdVv4kg1,38,5
437,1CAwkpl31MYYvntQerw1MH15m3f2,38,4
439,mC64NB45OhOe0SrFIBRLVrzyvkX2,38,5
442,YuVFdyDWFiW4GW9OHpGNzsvdIez1,38,5
443,741l32KW9Yc1pMEV9GAAjXm9rIs2,38,5
447,mUCUqKzDOCh1MdvXUvlW59tvhRi1,39,5
448,f3DxjK9YCQbqm3tlTRkZYoXdtF52,39,5
450,1CAwkpl31MYYvntQerw1MH15m3f2,39,4
451,HaPfVHN2NoXj5ExYLHk5uqhoZHZ2,39,5
452,bLkMkqRHIIZL2c9NtVAfbxsrlZV2,39,5
454,NFq5prMWTpZtJpPOSyJegScRu5w1,39,1
455,dfrExe4bXPY1WuAfzefwnBQb4a13,39,4
456,2LWWpjRxdyX5yAgwldBnzL9N0Yh2,39,5
458,AnRZyvscl5gkd06ZyvYCVjWhI6A2,39,5
459,qjp7Oz0rukZanndeyuQzGPcLT6g1,39,5
460,JL67np7335VwiOMLwwzYUppnoHS2,39,5
462,pd9PR8OzBRUfXXWgy975AlGUVFO2,39,4
37,KKzj3CUCS1ZDNmKc1ijRLHIAQkm2,11,5
10,38bFcizPjFP1ZGrXp7DCcbOVxQW2,8,4
16,GEF1ME5013V58DUnnkYYG2UGQV02,8,4
17,U5Nw32MZaWb21uMMHVuNF5SvJhx1,8,5
14,ykdGhZsMI4N03O5WqkpI5OtPbRz1,8,4
19,TY16uG9IThXfQKeq4v3Lk8TGiHl2,9,1
22,P9VBUzjp3JMwB4JpgNk7lwHEi6q1,9,4
29,HwV8BqSMR7NPZ7hQ5iXAFW3GFeh1,9,5
28,vV7XrwkFsWaGBwvcgmanrXUhOC12,9,4
26,UPcL4O1Z6bbpS8u8ARNKUTjLJUb2,9,5
31,zcCSDsyAq7YKCPIrcjTgOQ4eXSc2,9,5
24,ptISoIvdEIcArZaPUDbQH4VXKUx1,9,5
20,3Wt2TyfoGEbYR9yuZaebTq0hOB72,9,5
42,7dX5xncZSANIu706YNllGTu55B42,11,4
43,B6SzWsY5jmb9gMVvDqgAFTEOd9j1,11,5
45,TkjGRjxlUqQrpH5bJat3I0FnUB53,11,5
47,Mq2SACMaTheRKHuCWHgmudoV37E3,11,4
46,ptISoIvdEIcArZaPUDbQH4VXKUx1,11,4
48,leYejcwUGzZ29E7G7RoNt4BPpYl1,11,3
35,ZiuAwqjH1oMyxAdpHVGWJdZSeMY2,11,5
33,YlBLJdO7ugZgaOAE75TnJ8du3Ky1,11,5
52,PgiOt5izT1SLQSuOVAT0zWH0nmS2,4,5
54,BaxfCZTZEOQC85PLbE5CvGkMCS82,4,1
51,0IEcaKRjwJbV4BnhKRIEOET1ADZ2,4,4
55,HWZjxzL9fZUgefNdc4VXfrR0Ysk1,4,5
61,1ykO3vaeSKbeu3BdsKMm0NtmFgr1,5,5
60,HxvlgMsyxKfBvUEZ9mXSJuqeEJk2,5,5
63,WC0Hp79cq7W5ELRa4LetOwnGDWc2,7,5
56,hJWKWozrt6ZZS4q6PCW68vHvPHx2,4,5
59,ONJRJY1OXPasRuIxK6OOfPq1Wpq1,5,4
58,5p4G4TD0ZqbGXBvrBWsV6hDzsD02,5,5
65,Kt99aDqHNUUxLm5dtt8W4kGcYvw2,7,4
64,U5Nw32MZaWb21uMMHVuNF5SvJhx1,7,5
67,oKfjU0NR3FQaTokU8Go5ZjFRqKG3,15,3
68,YlBLJdO7ugZgaOAE75TnJ8du3Ky1,15,5
70,fxgENmm7JITIZoiCQE7zrsA0y613,15,5
73,5Au3neZ4AxNWM4yV9fditBYzGjD2,15,5
69,fnQpgAoAmmUkiZlWHGGkBiwQNDX2,15,5
74,tOCM9kWfMQbIRiLNPkqSs2XcgPH3,15,4
76,IcguT0ehGHc5y7a9u5NPWLpEP102,15,5
80,rsPufu0FaDTxXnLkluIzIHBUmGo2,15,4
82,vV7XrwkFsWaGBwvcgmanrXUhOC12,15,5
89,fqpQMPFJpHMImeTThlmjuYx2ex03,13,4
90,tGKKOivSS3dmOmVl7a65QbXYqNO2,13,5
85,6eKSXc3ru0P6MUxN8FFN0mRzCld2,13,3
91,cfoEQdTicYhxMfAdXlrnITCkvaM2,13,4
83,141rbMPLMfgbqxOBlN5H3JRGh013,13,5
88,cn5w7vJivCOIEHkKGkeU6mfnDij2,13,5
93,WzNlYkObyCMacim04R4Jyy37t233,13,4
96,NfZHjNQJbiZbfvWbN2NIaRlOM3H3,14,5
97,mS4CSOd5SDdOHKN1ufGJ4cY2u7B2,14,4
100,WHdqZqWqfHPRcsAyFv76Bfb0eHp2,14,5
99,Aa4qzSLw0vOvIuwSYEjZcnzu5rF3,14,4
101,UL6hVtJ7XhaZCYcfJgVHr34DqMt1,14,4
103,d6uSBd4ZVpRmT4K97EBxiRSNHh83,14,5
98,Dniqf4qYJ5Plrw9gjcDMB1jTZYc2,14,4
102,coq3KJjaboeYYLqxNWj17WMUmtV2,14,5
107,VURvllrc4QYAaYIGrZ3uEFLrmmo1,14,2
95,YlBLJdO7ugZgaOAE75TnJ8du3Ky1,14,5
109,j6xxOIRfj3ZE92NwgvVjsRZ3T7o2,14,5
112,PFAbuLcxeHbTt3dsRr8bBFWpCYJ2,14,5
116,KzcWRNnvwSPGt8Se5O2ZyJKNlTX2,18,5
119,qqVAASFC3gWQTG1f17VitG6SZRa2,18,5
120,B3weTyY8S7gobqUwJ2GiVEkRvy72,18,2
121,d6uSBd4ZVpRmT4K97EBxiRSNHh83,18,5
117,IEznP69p2LfRZZNdyCG0Kb5X40D3,18,5
118,ald4v9Rmhqg4d0Redwq5KgQuRfE2,18,5
125,K8cIzKuAU1btqLzwSBYsxPxAERi1,18,5
127,v4bYPy35LSbCmwa0yHjmYhNape12,18,5
131,dRzrJPQhqLWoT0HRJ7pzunKEXfK2,19,5
132,tUzSGZOMTAhhG5dv7s82pYdXr803,19,5
133,cGGhn5TcovaKXP1xDFiU583DIsz1,19,5
136,KzcWRNnvwSPGt8Se5O2ZyJKNlTX2,19,5
149,dndFaJnHCSW5wX86mWxecIUB6Eo2,20,5
151,ciH13ep9QRViTXVAScLRDDZMnM03,20,5
152,lB0k96IXMbgNAVrxynCgmC2PiKk2,20,5
153,pufUwu4Ha9dyBomf1RqRqFP8PpF2,20,5
156,pkW1MWwMPWagqxIKA8ZeIijcG4I3,20,4
157,nxNUIjtX6TTSBZUM2nIgw3gBfzN2,20,4
159,SAKch4qeNyXCaGUS0ijKMFdzRwD3,20,5
145,ehNVMqB1HtasgerYHk5HSmjyBx92,20,5
160,UhX4bfCizsN0hVNmzFrhUdKMrUg1,20,5
162,cgHwGGEzATVqxDlSZ9M2HIbtij32,21,5
164,KzcWRNnvwSPGt8Se5O2ZyJKNlTX2,21,5
166,IeSKCr2C9kWOV4Qe7ZKV9vn4n492,21,4
167,gn7ryC5HAkN22QpeCyboZq8vasD2,21,5
168,uUUI3lcWFGhY9GQXfCi6y7QTrJ22,21,5
169,jKONCPvgKbarBf0sHXFa6vkHpJr2,21,5
170,tg7ij2106aUxKFjscvuHD3lT9Bz2,21,5
173,3pynX5JMXGPDeCnoDtM3UmDLjf13,21,5
174,Dxg3m9E0uXWm1z3eQGCk5TzpVzi1,21,5
176,QUgpgRT4cofMryqLadwwNhL7pye2,21,5
178,HhDgAHk0T0YBZHod7BV5ZnjAIYu1,22,5
180,W7C6YzkeFpR6iB692hdFVw0Rthc2,22,4
182,ptsJeDPI8GbwY1EDaM6KlNJ5inK2,22,5
177,OE9peH4NXxY5jPhFwNZlLR5FJ7V2,22,4
183,rJOLWzu6b1dcCYiFZpRaGcn1OvC3,22,5
184,4aZbhG9ko7gfOtYhXzgGShEqjqj1,22,5
185,z7BLg71amNbBm752XovVJFipBi82,22,4
186,JmsayCY2mYPjdgdjbqtPXIDxhqu2,22,5
233,IOkzFc4W2vYnn13yYoS0T0Oqiv93,29,5
187,4pOmflUKXDMOzlyCb7mNHOlDxmB2,22,4
189,en5hARuPEmcfSWdbNdqkGQnxajl2,22,5
190,LytIZiWyFjdms3jRdMRG0awsHTM2,22,5
192,UTXhnWNonTPHqMiBtGMTxB1YYjb2,22,1
196,KzcWRNnvwSPGt8Se5O2ZyJKNlTX2,23,5
195,UdYya7lmoDbY6fpm2dEhN3E4TR43,23,5
197,TKIu6kn6FYNdup2QWdE9MXHN6zj2,23,2
198,oVW8mutILcOODX8C2evGGFF88Na2,23,2
203,Lq8EJXdzevexgZvGWqjmh2g8rSA2,23,4
205,YleORjjxSEbxtUnKo0nAAQ4lANc2,23,4
210,Nxv5m4TteWQdzFURyp0bdPYxbPQ2,23,3
212,bR4NR3auuvTNBRtvTh5fmU2eMit1,24,4
215,kkr68hSnSuUzBBNtEdQd6D5yR7q1,24,5
218,5nw3RW15xrNsnP7IV4RQxrwAVyV2,24,5
220,m4TQ7GCtGHcwEJ2RrdckFE7zC032,24,5
221,y7WABLtphXZAYEdTQP0a4kITDRk1,24,5
222,X44NGVEQtGWdDplURJAMAfJz53u1,24,4
225,LytIZiWyFjdms3jRdMRG0awsHTM2,24,5
223,zvnyy8yi8KOq99mc2J3dQGOIuU72,24,1
226,EBMn0DQ8Vkgby7tOKZwAJkcGN6C2,24,4
213,f72r7Mq97kQNYApU8RotlXyAplb2,24,5
229,427t9tGWuDfiBTgumXsesDogzW33,24,2
231,uv7pJlCN4YVJXgV4LWQlCRDaEfA3,29,4
232,Zi3EeOwAJBeWnAPVDYh3BItBZE82,29,5
235,29fpl2NcfrhYHrDFi16hs6gVdpG3,29,5
230,panEIybCmbdbUgS3qw3MHxkdzLN2,29,5
236,icXqHxUP4BXGF7XyzcQYbY8sWXE2,29,4
238,I3fFIakFcwQ8scCk4CpsLhoclnG3,29,4
239,DXNXCizbIPT0FGmRtaqSSQ267wn1,29,4
234,snXG2LEuM1RHuy3I4QfHjau4nnl1,29,4
237,xkJN0XDpMDaM1HoFnG9Ic1dDcQW2,29,4
244,j5TcUrM52NS5mS3kZB3urdNmslV2,29,4
248,cgHwGGEzATVqxDlSZ9M2HIbtij32,25,5
249,cOYub7V8ngcStEvxCjXSVifJWrF3,25,4
252,ald4v9Rmhqg4d0Redwq5KgQuRfE2,25,5
253,GoY82JZHZBdBGNB9Ouc4ajFNQXP2,25,5
255,tWDktVXR50cAViN0JZh7hb2hEK32,25,4
256,SqLidJzZ16fM0RRr2KV0qAg6SzN2,25,5
258,JysbH1WZFOYzydDVGvJ1Yl55qHt1,25,3
259,qqVAASFC3gWQTG1f17VitG6SZRa2,25,5
265,pv1d2WtWYDh9z28ofERqzJ7mFFy1,25,2
266,B8SdIltYg9WiYknsvIudtEAiznt2,33,5
269,fI6GSMJevGb33t5nIsLhYLPDxJj2,33,5
270,KhtIWbrHXUaL7p2xynMRMPKcq472,33,5
271,V9TM3iagrHgWcigo2zdQlhReTef1,33,4
267,YC7iz2tEsQdM7SVfpXNRBAneCu13,33,4
273,0D5e9dhRlTSO35zTqbEqcLeTaqD2,33,5
274,Hywu1TxX0UX4jHnmNvyPiOgA2Dk1,33,4
276,oht7drsqzwaSKdAPClzr6FkI7Kf2,33,2
279,ZGx02YaIlyR6XGldNyPgg1U3oKi1,33,5
280,kibdpvISsqeC14ZpZKoRZXhhVu22,33,3
281,h0kbqQSPVKUCbuqVA6gwH1Oo6XD3,33,4
282,E5UctELW1XNEldUhjWeHcd2qKov1,30,5
283,04MXwBOgzzU2uZPLOqDjBnHTwJI2,30,5
285,As9C7T6g5HOLUzMqlY9FO3lmEb53,30,4
286,MagEn3kQYJYwCqNtrOh4plkUiZy2,30,5
288,L6KQUmTtxbS5tvEtfRRYi6rJ2Ll1,30,5
289,HXDEWimRnkR3xmxWcLfmoq7fHij2,30,4
295,q8IAJLyDUDY6Sb3SA9GTNo0UgPx2,30,5
293,jr6uNud7xhfqo8BN77bfYMK83MD3,30,2
292,mm5VOnf9ygZfv0l7hvYUeG1jrUX2,30,4
297,eU1vPlT8gGUhqPWhxRZWqCO7zlf1,30,1
300,vYnYoflPjDYuQV8rscE4Rv2mRu03,26,5
302,U1Psu7MI22M00yp0PnQYtY6WWXr2,26,5
298,NBVYjd4IhjSktTQLMOwZuPohNky2,26,5
307,kKMZIrL4RoZBwCclI8trlKuEEgI2,26,5
310,9C4K57VbIpXTzr4q4cSFGgknmHW2,26,5
311,7FQuZ1P3ndcaLMbVuOrXerifSKy1,26,5
312,qp9wySnBNzTXuPyPDIzos4GgwUk1,31,5
313,HyrhgWBm5jYkIgdUq047BqrjqwL2,31,4
314,5FyiJs0SgqTCZsYToF4XKrru2JW2,31,4
315,a0uo5x5DgRQfg5URf1sdKYaorvk2,31,5
316,9yvYgbKFLqfRGU0nCd0VHFD2qrD3,31,5
317,8dUXBzyTGbRrbxdVixqMyQe9Oem2,31,3
319,dvcjjWSexee8iq3TcH9POJcUDCW2,31,2
318,9xHruMtenYPg1HRPimnAzKUsncl1,31,5
320,nnvchvLi9fU1FzStdwHfNvMZFq73,31,5
321,4u3WceTrXwYodjBf0Y6d0svv6mZ2,31,5
322,PLn6RVk3McOpmvt8aymB82lf9qV2,31,5
324,KMFcTrLMirN3HM2egYVEPH7160K3,31,4
371,Gk8KOS6Sn0gYqWTJqYfQLqEuua43,36,5
325,oh5RSDw7Vwh8bJOCFhRYyiPsjgR2,31,5
326,R6ZpvCuqe0fFripOCJiq0Z6FP1a2,34,5
329,oCYeaDGGoISgnMb8Jyk2ifk24pB2,34,4
332,HzvIszMd10Tj9WN4cFlfRyiHzw32,34,5
331,uAlRPLrKnuXPu6FIyZ7nNmoYkIm1,34,5
333,2rYR86LI1bfAzLDkNgKTreRyIbx2,34,5
334,iXrJsf9p5aTqURCQqPNf5eiEoRJ3,34,5
327,s8dSi0CvbrgavgGFlup7XPbY17m1,34,4
337,J31WUHhCqNMYnzyEQk5QqprVz2V2,34,5
341,eqKsezTdqcbeL3UEeG3yaQxvdot2,34,5
340,B3x92okVN7NhFRTeZhXpLETO5Yr2,34,5
342,4MD8eXL3ajVhS8JofktPnpwvm7P2,34,4
343,icXqHxUP4BXGF7XyzcQYbY8sWXE2,34,4
345,SInRRaplCmQzwKmhNJGuNFmFwRx2,34,2
338,iBxYGd4iJPXFl0SzcwHiLwxzGX22,34,3
347,ja4w1Z3XdBYliGdCeo5SpjT03hO2,27,1
351,M7m7HBaKxEXsOIFeRjd8RAiHeFq2,27,2
352,CgOsu3fA6KTsDCcijoe4WpQLDJJ2,27,4
354,cgHwGGEzATVqxDlSZ9M2HIbtij32,27,5
355,7FQuZ1P3ndcaLMbVuOrXerifSKy1,27,5
357,ald4v9Rmhqg4d0Redwq5KgQuRfE2,27,5
360,ZGx02YaIlyR6XGldNyPgg1U3oKi1,36,5
362,7WZqqrtQ6ca2Wj9mxd0jutVNe842,36,5
363,EGB9cEG8Y1OeBF8mverEZ8Sf2Ds1,36,5
365,Ffl2cX8YaUMVLo8Wr6Asc5q16uh1,36,4
364,AxLCIg5EwxNITHSDnZvMN4PyqH82,36,5
366,QQzweS6DsXajgwUwf4tubdgSHPS2,36,5
367,sDN33mpb1OVdXg1z6hTgxzpu3b62,36,5
361,iDX1FCBBkCODAgokZitDEon2KOt1,36,4
373,UGQbMSfyfwdXDdciqkPKN7CEoJG2,36,4
375,gYaFKmEeNtRSkJ0gFSR0L8PR63h1,36,5
376,bcRfwdnM1aUvBTLsriZwe5flC013,36,2
379,E5UctELW1XNEldUhjWeHcd2qKov1,32,3
380,IKrGQkbDqOO0gUvTdGKagnFPbcv2,32,4
382,7s0mUdWnqSTV389ap46uoa8A7o63,32,4
385,5RnIQeqB57a9807ZcbLds7L1Ti03,32,3
386,aoTpA3mZ7ZfxL49xtM2vVJDJSIr2,32,5
388,5dId28L3q4SR8qp90bo74vxiAyh2,32,5
389,ehNVMqB1HtasgerYHk5HSmjyBx92,32,4
387,LytIZiWyFjdms3jRdMRG0awsHTM2,32,4
383,i5elHGk3rSdyPZFIWUYH94sXdWs2,32,5
400,Jxu4k7H4ggZvdwVzBJIZgQexMGm2,35,5
403,gliM5awrWBY4uknFNictZHZE3Vw2,35,4
402,fA4JO8k6MQWcpQspnUxDEwWQ6o52,35,5
406,5rtIxjflfGMHUxcESRMSIgcIm653,35,4
396,Z0RTfNgEWNRBWAzXKd56bNrYJ3s2,35,4
398,IfZNICo1DChyc6ZpkxHCXVtadiu1,35,5
408,XUWcOLXdtxYdg8QZhvj7Jj16rBL2,35,2
410,b8uXSkXhtXMVToRVgY6DUZmLeej2,35,5
411,yhke1eUKBQYQFFffzqemmunhpBf1,35,5
413,gDBfeZWdJqf7V1m7RnTXQL9BHVk1,35,5
407,Tsvxesr41dQKG7FPLKRhFiCmTnH3,35,2
394,nISG69Tgd2RJqWhpGnnJPuRs85C2,35,5
414,D9Q6l4seFObFpgwPnPcx0Omz6wm2,28,5
415,3A7lX6F1vmSRkSil8VyOs01Nk922,28,5
418,GI1pvuN7IIV5nZVtO6Udt4KC2LX2,28,4
419,7aw4D2csOtWp4ndgtZrLYxnju0g1,28,4
420,d2VKBPfHyBdL4rx4WKR1ubmFiA63,28,5
423,ksEddrY4fCemgd33lDQsw96HEKt2,28,5
424,UT2qkEJTQ8gWJf4WAmiqqnDiru62,28,5
426,7pcWKYmYXBWBhnVKVMw8OE7y6aX2,28,5
427,cHQoC3pAWwWCzuZbN8gHMt89jNm2,28,4
428,Bio2cKp9sjMZSiH62yVGd0XLf2k2,28,5
416,teSF2vixYUcSpQSQ3qEZZfIGFaH3,28,5
430,AsU1eStMRzbnWXU8sLhpPwWkQds1,38,5
436,kPyn9W1DoLUhcMUZA5NlQe5eKXJ3,38,4
438,U7gLls4I0bMbWyvdtfaKmu8pY3w2,38,4
440,0Ux4JkdOFTQ959oYYptlJdL6HJY2,38,5
444,GI1pvuN7IIV5nZVtO6Udt4KC2LX2,38,3
441,3DnChJHDcNVHKZyyLLa3YXpvAwH2,38,4
445,eqMBkH7fRAeHIyPE98dV8eXpMsj1,38,4
446,ald4v9Rmhqg4d0Redwq5KgQuRfE2,38,5
449,x2NduLVHHtWdTfmtjyyEmjLrrDq2,39,5
453,7Bgq5erSSubVgejH5fgulukHVII2,39,4
457,CuBQ9MooQfOmLRjIQE8EbuM73rZ2,39,4
461,t2o76SxxwOXmyOwWYO6A1bADKRo1,39,5
463,Kvm7nGWuofNcMDIt6ErADD3n2JN2,39,5
